web-scraper-order,web-scraper-start-url,judul,tahun,durasi,age,rate
1718454606-1,https://www.imdb.com/chart/top/?ref_=nv_mv_250,1. The Shawshank Redemption,1994,2h 22m,18+,9.3 (2.9M)
1718454606-2,https://www.imdb.com/chart/top/?ref_=nv_mv_250,2. The Godfather,1972,2h 55m,18+,9.2 (2M)
1718454606-3,https://www.imdb.com/chart/top/?ref_=nv_mv_250,3. The Dark Knight,2008,2h 32m,R,9.0 (2.9M)
1718454606-4,https://www.imdb.com/chart/top/?ref_=nv_mv_250,4. The Godfather Part II,1974,3h 22m,18+,9.0 (1.4M)
1718454606-5,https://www.imdb.com/chart/top/?ref_=nv_mv_250,5. 12 Angry Men,1957,1h 36m,SU,9.0 (871K)
1718454606-6,https://www.imdb.com/chart/top/?ref_=nv_mv_250,6. Schindler's List,1993,3h 15m,R,9.0 (1.5M)
1718454606-7,https://www.imdb.com/chart/top/?ref_=nv_mv_250,7. The Lord of the Rings: The Return of the King,2003,3h 21m,A,9.0 (2M)
1718454606-8,https://www.imdb.com/chart/top/?ref_=nv_mv_250,8. Pulp Fiction,1994,2h 34m,17+,8.9 (2.2M)
1718454606-9,https://www.imdb.com/chart/top/?ref_=nv_mv_250,9. The Lord of the Rings: The Fellowship of the Ring,2001,2h 58m,R,8.9 (2M)
1718454606-10,https://www.imdb.com/chart/top/?ref_=nv_mv_250,"10. Il buono, il brutto, il cattivo",1966,2h 41m,D,8.8 (815K)
1718454606-11,https://www.imdb.com/chart/top/?ref_=nv_mv_250,11. Forrest Gump,1994,2h 22m,21,8.8 (2.3M)
1718454606-12,https://www.imdb.com/chart/top/?ref_=nv_mv_250,12. The Lord of the Rings: The Two Towers,2002,2h 59m,A,8.8 (1.8M)
1718454606-13,https://www.imdb.com/chart/top/?ref_=nv_mv_250,13. Fight Club,1999,2h 19m,D17+,8.8 (2.3M)
1718454606-14,https://www.imdb.com/chart/top/?ref_=nv_mv_250,14. Inception,2010,2h 28m,D,8.8 (2.6M)
1718454606-15,https://www.imdb.com/chart/top/?ref_=nv_mv_250,15. Star Wars: Episode V - The Empire Strikes Back,1980,2h 4m,PG,8.7 (1.4M)
1718454606-16,https://www.imdb.com/chart/top/?ref_=nv_mv_250,16. The Matrix,1999,2h 16m,18+,8.7 (2.1M)
1718454606-17,https://www.imdb.com/chart/top/?ref_=nv_mv_250,17. Goodfellas,1990,2h 25m,17+,8.7 (1.3M)
1718454606-18,https://www.imdb.com/chart/top/?ref_=nv_mv_250,18. One Flew Over the Cuckoo's Nest,1975,2h 13m,R,8.7 (1.1M)
1718454606-19,https://www.imdb.com/chart/top/?ref_=nv_mv_250,19. Se7en,1995,2h 7m,21,8.6 (1.8M)
1718454606-20,https://www.imdb.com/chart/top/?ref_=nv_mv_250,20. Interstellar,2014,2h 49m,R,8.7 (2.1M)
1718454606-21,https://www.imdb.com/chart/top/?ref_=nv_mv_250,21. It's a Wonderful Life,1946,2h 10m,13+,8.6 (501K)
1718454606-22,https://www.imdb.com/chart/top/?ref_=nv_mv_250,22. Shichinin no samurai,1954,3h 27m,Not Rated,8.6 (368K)
1718454606-23,https://www.imdb.com/chart/top/?ref_=nv_mv_250,23. The Silence of the Lambs,1991,1h 58m,D,8.6 (1.6M)
1718454606-24,https://www.imdb.com/chart/top/?ref_=nv_mv_250,24. Saving Private Ryan,1998,2h 49m,18+,8.6 (1.5M)
1718454606-25,https://www.imdb.com/chart/top/?ref_=nv_mv_250,25. Cidade de Deus,2002,2h 10m,R,8.6 (805K)
1718454606-26,https://www.imdb.com/chart/top/?ref_=nv_mv_250,26. La vita è bella,1997,1h 56m,21,8.6 (747K)
1718454606-27,https://www.imdb.com/chart/top/?ref_=nv_mv_250,27. The Green Mile,1999,3h 9m,18+,8.6 (1.4M)
1718454606-28,https://www.imdb.com/chart/top/?ref_=nv_mv_250,28. Terminator 2: Judgment Day,1991,2h 17m,13+,8.6 (1.2M)
1718454606-29,https://www.imdb.com/chart/top/?ref_=nv_mv_250,29. Star Wars,1977,2h 1m,13+,8.6 (1.5M)
1718454606-30,https://www.imdb.com/chart/top/?ref_=nv_mv_250,30. Dune: Part Two,2024,2h 46m,PG-13,8.6 (447K)
1718454606-31,https://www.imdb.com/chart/top/?ref_=nv_mv_250,31. Back to the Future,1985,1h 56m,13+,8.5 (1.3M)
1718454606-32,https://www.imdb.com/chart/top/?ref_=nv_mv_250,32. Sen to Chihiro no kamikakushi,2001,2h 5m,13+,8.6 (856K)
1718454606-33,https://www.imdb.com/chart/top/?ref_=nv_mv_250,33. The Pianist,2002,2h 30m,R,8.5 (918K)
1718454606-34,https://www.imdb.com/chart/top/?ref_=nv_mv_250,34. Gisaengchung,2019,2h 12m,17+,8.5 (970K)
1718454606-35,https://www.imdb.com/chart/top/?ref_=nv_mv_250,35. Psycho,1960,1h 49m,R,8.5 (722K)
1718454606-36,https://www.imdb.com/chart/top/?ref_=nv_mv_250,36. Gladiator,2000,2h 35m,16+,8.5 (1.6M)
1718454606-37,https://www.imdb.com/chart/top/?ref_=nv_mv_250,37. Spider-Man: Across the Spider-Verse,2023,2h 20m,SU,8.6 (379K)
1718454606-38,https://www.imdb.com/chart/top/?ref_=nv_mv_250,38. The Lion King,1994,1h 28m,PG,8.5 (1.1M)
1718454606-39,https://www.imdb.com/chart/top/?ref_=nv_mv_250,39. The Departed,2006,2h 31m,R,8.5 (1.4M)
1718454606-40,https://www.imdb.com/chart/top/?ref_=nv_mv_250,40. Léon,1994,1h 50m,R,8.5 (1.3M)
1718454606-41,https://www.imdb.com/chart/top/?ref_=nv_mv_250,41. American History X,1998,1h 59m,R,8.5 (1.2M)
1718454606-42,https://www.imdb.com/chart/top/?ref_=nv_mv_250,42. Whiplash,2014,1h 46m,16+,8.5 (998K)
1718454606-43,https://www.imdb.com/chart/top/?ref_=nv_mv_250,43. The Prestige,2006,2h 10m,17+,8.5 (1.4M)
1718454606-44,https://www.imdb.com/chart/top/?ref_=nv_mv_250,44. Hotaru no haka,1988,1h 29m,Not Rated,8.5 (313K)
1718454606-45,https://www.imdb.com/chart/top/?ref_=nv_mv_250,45. Seppuku,1962,2h 13m,Not Rated,8.6 (70K)
1718454606-46,https://www.imdb.com/chart/top/?ref_=nv_mv_250,46. The Usual Suspects,1995,1h 46m,R,8.5 (1.2M)
1718454606-47,https://www.imdb.com/chart/top/?ref_=nv_mv_250,47. Casablanca,1942,1h 42m,PG,8.5 (608K)
1718454606-48,https://www.imdb.com/chart/top/?ref_=nv_mv_250,48. Intouchables,2011,1h 52m,R,8.5 (934K)
1718454606-49,https://www.imdb.com/chart/top/?ref_=nv_mv_250,49. Nuovo Cinema Paradiso,1988,2h 54m,PG,8.5 (284K)
1718454606-50,https://www.imdb.com/chart/top/?ref_=nv_mv_250,50. Modern Times,1936,1h 27m,G,8.5 (261K)
1718454606-51,https://www.imdb.com/chart/top/?ref_=nv_mv_250,51. Rear Window,1954,1h 52m,PG,8.5 (525K)
1718454606-52,https://www.imdb.com/chart/top/?ref_=nv_mv_250,52. C'era una volta il West,1968,2h 46m,PG-13,8.5 (351K)
1718454606-53,https://www.imdb.com/chart/top/?ref_=nv_mv_250,53. Alien,1979,1h 57m,17+,8.5 (957K)
1718454606-54,https://www.imdb.com/chart/top/?ref_=nv_mv_250,54. City Lights,1931,1h 27m,G,8.5 (197K)
1718454606-55,https://www.imdb.com/chart/top/?ref_=nv_mv_250,55. Django Unchained,2012,2h 45m,21+,8.5 (1.7M)
1718454606-56,https://www.imdb.com/chart/top/?ref_=nv_mv_250,56. Apocalypse Now,1979,2h 27m,R,8.4 (714K)
1718454606-57,https://www.imdb.com/chart/top/?ref_=nv_mv_250,57. Memento,2000,1h 53m,R,8.4 (1.3M)
1718454606-58,https://www.imdb.com/chart/top/?ref_=nv_mv_250,58. WALL·E,2008,1h 38m,R,8.4 (1.2M)
1718454606-59,https://www.imdb.com/chart/top/?ref_=nv_mv_250,59. 12th Fail,2023,2h 27m,PG,8.9 (118K)
1718454606-60,https://www.imdb.com/chart/top/?ref_=nv_mv_250,60. Raiders of the Lost Ark,1981,1h 55m,R,8.4 (1M)
1718454606-61,https://www.imdb.com/chart/top/?ref_=nv_mv_250,61. Das Leben der Anderen,2006,2h 17m,Approved,8.4 (412K)
1718454606-62,https://www.imdb.com/chart/top/?ref_=nv_mv_250,62. Sunset Blvd.,1950,1h 50m,13+,8.4 (238K)
1718454606-63,https://www.imdb.com/chart/top/?ref_=nv_mv_250,63. Avengers: Infinity War,2018,2h 29m,Approved,8.4 (1.2M)
1718454606-64,https://www.imdb.com/chart/top/?ref_=nv_mv_250,64. Paths of Glory,1957,1h 28m,SU,8.4 (214K)
1718454606-65,https://www.imdb.com/chart/top/?ref_=nv_mv_250,65. Spider-Man: Into the Spider-Verse,2018,1h 57m,Approved,8.4 (678K)
1718454606-66,https://www.imdb.com/chart/top/?ref_=nv_mv_250,66. Witness for the Prosecution,1957,1h 56m,21,8.4 (139K)
1718454606-67,https://www.imdb.com/chart/top/?ref_=nv_mv_250,67. The Shining,1980,2h 26m,G,8.4 (1.1M)
1718454606-68,https://www.imdb.com/chart/top/?ref_=nv_mv_250,68. The Great Dictator,1940,2h 5m,17+,8.4 (238K)
1718454606-69,https://www.imdb.com/chart/top/?ref_=nv_mv_250,69. Aliens,1986,2h 17m,17+,8.4 (767K)
1718454606-70,https://www.imdb.com/chart/top/?ref_=nv_mv_250,70. Inglourious Basterds,2009,2h 33m,R,8.4 (1.6M)
1718454606-71,https://www.imdb.com/chart/top/?ref_=nv_mv_250,71. The Dark Knight Rises,2012,2h 44m,PG,8.4 (1.8M)
1718454606-72,https://www.imdb.com/chart/top/?ref_=nv_mv_250,72. Dr. Strangelove or: How I Learned to Stop Worrying and Love the Bomb,1964,1h 35m,SU,8.3 (520K)
1718454606-73,https://www.imdb.com/chart/top/?ref_=nv_mv_250,73. Ingat saya,2017,1h 45m,17+,8.4 (596K)
1718454606-74,https://www.imdb.com/chart/top/?ref_=nv_mv_250,74. Oldeuboi,2003,2h,21,8.3 (640K)
1718454606-75,https://www.imdb.com/chart/top/?ref_=nv_mv_250,75. American Beauty,1999,2h 2m,PG,8.3 (1.2M)
1718454606-76,https://www.imdb.com/chart/top/?ref_=nv_mv_250,76. Amadeus,1984,2h 40m,SU,8.4 (430K)
1718454606-77,https://www.imdb.com/chart/top/?ref_=nv_mv_250,77. Toy Story,1995,1h 21m,13+,8.3 (1.1M)
1718454606-78,https://www.imdb.com/chart/top/?ref_=nv_mv_250,78. Avengers: Endgame,2019,3h 1m,Not Rated,8.4 (1.3M)
1718454606-79,https://www.imdb.com/chart/top/?ref_=nv_mv_250,79. Das Boot,1981,2h 29m,21,8.4 (265K)
1718454606-80,https://www.imdb.com/chart/top/?ref_=nv_mv_250,80. Braveheart,1995,2h 58m,17+,8.3 (1.1M)
1718454606-81,https://www.imdb.com/chart/top/?ref_=nv_mv_250,81. Good Will Hunting,1997,2h 6m,13+,8.3 (1.1M)
1718454606-82,https://www.imdb.com/chart/top/?ref_=nv_mv_250,82. Mononoke-hime,1997,2h 14m,17+,8.3 (436K)
1718454606-83,https://www.imdb.com/chart/top/?ref_=nv_mv_250,83. Joker,2019,2h 2m,13+,8.4 (1.5M)
1718454606-84,https://www.imdb.com/chart/top/?ref_=nv_mv_250,84. Nama kamu.,2016,1h 46m,Not Rated,8.4 (324K)
1718454606-85,https://www.imdb.com/chart/top/?ref_=nv_mv_250,85. Tengoku to jigoku,1963,2h 23m,R,8.4 (54K)
1718454606-86,https://www.imdb.com/chart/top/?ref_=nv_mv_250,86. Once Upon a Time in America,1984,3h 49m,13+,8.3 (380K)
1718454606-87,https://www.imdb.com/chart/top/?ref_=nv_mv_250,87. 3 Idiots,2009,2h 50m,R,8.4 (437K)
1718454606-88,https://www.imdb.com/chart/top/?ref_=nv_mv_250,88. Singin' in the Rain,1952,1h 43m,13+,8.3 (262K)
1718454606-89,https://www.imdb.com/chart/top/?ref_=nv_mv_250,89. Capharnaüm,2018,2h 6m,Not Rated,8.4 (107K)
1718454606-90,https://www.imdb.com/chart/top/?ref_=nv_mv_250,90. Idi i smotri,1985,2h 22m,17+,8.4 (99K)
1718454606-91,https://www.imdb.com/chart/top/?ref_=nv_mv_250,91. Requiem for a Dream,2000,1h 42m,R,8.3 (903K)
1718454606-92,https://www.imdb.com/chart/top/?ref_=nv_mv_250,92. Toy Story 3,2010,1h 43m,PG,8.3 (896K)
1718454606-93,https://www.imdb.com/chart/top/?ref_=nv_mv_250,93. Star Wars: Episode VI - Return of the Jedi,1983,2h 11m,16+,8.3 (1.1M)
1718454606-94,https://www.imdb.com/chart/top/?ref_=nv_mv_250,94. Eternal Sunshine of the Spotless Mind,2004,1h 48m,R,8.3 (1.1M)
1718454606-95,https://www.imdb.com/chart/top/?ref_=nv_mv_250,95. Jagten,2012,1h 55m,R,8.3 (367K)
1718454606-96,https://www.imdb.com/chart/top/?ref_=nv_mv_250,96. 2001: A Space Odyssey,1968,2h 29m,D,8.3 (723K)
1718454606-97,https://www.imdb.com/chart/top/?ref_=nv_mv_250,97. Reservoir Dogs,1992,1h 39m,Not Rated,8.3 (1.1M)
1718454606-98,https://www.imdb.com/chart/top/?ref_=nv_mv_250,98. Ikiru,1952,2h 23m,13+,8.3 (88K)
1718454606-99,https://www.imdb.com/chart/top/?ref_=nv_mv_250,99. Oppenheimer,2023,3h,13+,8.3 (753K)
1718454606-100,https://www.imdb.com/chart/top/?ref_=nv_mv_250,100. Lawrence of Arabia,1962,3h 38m,Approved,8.3 (316K)
1718454606-101,https://www.imdb.com/chart/top/?ref_=nv_mv_250,101. The Apartment,1960,2h 5m,R,8.3 (198K)
1718454606-102,https://www.imdb.com/chart/top/?ref_=nv_mv_250,102. Incendies,2010,2h 11m,Approved,8.3 (203K)
1718454606-103,https://www.imdb.com/chart/top/?ref_=nv_mv_250,103. North by Northwest,1959,2h 16m,A,8.3 (348K)
1718454606-104,https://www.imdb.com/chart/top/?ref_=nv_mv_250,104. Citizen Kane,1941,1h 59m,Passed,8.3 (468K)
1718454606-105,https://www.imdb.com/chart/top/?ref_=nv_mv_250,105. M - Eine Stadt sucht einen Mörder,1931,1h 57m,18+,8.3 (169K)
1718454606-106,https://www.imdb.com/chart/top/?ref_=nv_mv_250,106. Scarface,1983,2h 50m,Approved,8.3 (922K)
1718454606-107,https://www.imdb.com/chart/top/?ref_=nv_mv_250,107. Double Indemnity,1944,1h 47m,PG,8.3 (168K)
1718454606-108,https://www.imdb.com/chart/top/?ref_=nv_mv_250,108. Vertigo,1958,2h 8m,D,8.3 (429K)
1718454606-109,https://www.imdb.com/chart/top/?ref_=nv_mv_250,109. Full Metal Jacket,1987,1h 56m,R,8.3 (794K)
1718454606-110,https://www.imdb.com/chart/top/?ref_=nv_mv_250,110. Le fabuleux destin d'Amélie Poulain,2001,2h 2m,21,8.3 (797K)
1718454606-111,https://www.imdb.com/chart/top/?ref_=nv_mv_250,111. Heat,1995,2h 50m,SU,8.3 (723K)
1718454606-112,https://www.imdb.com/chart/top/?ref_=nv_mv_250,112. Up,2009,1h 36m,R,8.3 (1.1M)
1718454606-113,https://www.imdb.com/chart/top/?ref_=nv_mv_250,113. A Clockwork Orange,1971,2h 16m,Approved,8.3 (885K)
1718454606-114,https://www.imdb.com/chart/top/?ref_=nv_mv_250,114. To Kill a Mockingbird,1962,2h 9m,PG-13,8.3 (334K)
1718454606-115,https://www.imdb.com/chart/top/?ref_=nv_mv_250,115. Jodaeiye Nader az Simin,2011,2h 3m,PG,8.3 (260K)
1718454606-116,https://www.imdb.com/chart/top/?ref_=nv_mv_250,116. The Sting,1973,2h 9m,PG-13,8.3 (281K)
1718454606-117,https://www.imdb.com/chart/top/?ref_=nv_mv_250,117. Indiana Jones and the Last Crusade,1989,2h 7m,20+,8.2 (814K)
1718454606-118,https://www.imdb.com/chart/top/?ref_=nv_mv_250,118. Die Hard,1988,2h 12m,PG,8.2 (950K)
1718454606-119,https://www.imdb.com/chart/top/?ref_=nv_mv_250,119. Taare Zameen Par,2007,2h 42m,Not Rated,8.3 (208K)
1718454606-120,https://www.imdb.com/chart/top/?ref_=nv_mv_250,120. Metropolis,1927,2h 33m,17+,8.3 (186K)
1718454606-121,https://www.imdb.com/chart/top/?ref_=nv_mv_250,121. Snatch,2000,1h 44m,21,8.2 (915K)
1718454606-122,https://www.imdb.com/chart/top/?ref_=nv_mv_250,122. L.A. Confidential,1997,2h 18m,13+,8.2 (621K)
1718454606-123,https://www.imdb.com/chart/top/?ref_=nv_mv_250,123. 1917,2019,1h 59m,17+,8.2 (682K)
1718454606-124,https://www.imdb.com/chart/top/?ref_=nv_mv_250,124. Hamilton,2020,2h 40m,Not Rated,8.3 (115K)
1718454606-125,https://www.imdb.com/chart/top/?ref_=nv_mv_250,125. Ladri di biciclette,1948,1h 29m,D,8.3 (176K)
1718454606-126,https://www.imdb.com/chart/top/?ref_=nv_mv_250,126. Taxi Driver,1976,1h 54m,R,8.2 (926K)
1718454606-127,https://www.imdb.com/chart/top/?ref_=nv_mv_250,127. Der Untergang,2004,2h 36m,13+,8.2 (377K)
1718454606-128,https://www.imdb.com/chart/top/?ref_=nv_mv_250,128. Dangal,2016,2h 41m,R,8.3 (212K)
1718454606-129,https://www.imdb.com/chart/top/?ref_=nv_mv_250,129. Per qualche dollaro in più,1965,2h 12m,D,8.2 (276K)
1718454606-130,https://www.imdb.com/chart/top/?ref_=nv_mv_250,130. Batman Begins,2005,2h 20m,21+,8.2 (1.6M)
1718454606-131,https://www.imdb.com/chart/top/?ref_=nv_mv_250,131. The Wolf of Wall Street,2013,3h,Approved,8.2 (1.6M)
1718454606-132,https://www.imdb.com/chart/top/?ref_=nv_mv_250,132. Some Like It Hot,1959,2h 1m,13+,8.2 (285K)
1718454606-133,https://www.imdb.com/chart/top/?ref_=nv_mv_250,133. Green Book,2018,2h 10m,Passed,8.2 (579K)
1718454606-134,https://www.imdb.com/chart/top/?ref_=nv_mv_250,134. The Kid,1921,1h 8m,13+,8.2 (135K)
1718454606-135,https://www.imdb.com/chart/top/?ref_=nv_mv_250,135. The Father,2020,1h 37m,Approved,8.2 (195K)
1718454606-136,https://www.imdb.com/chart/top/?ref_=nv_mv_250,136. Judgment at Nuremberg,1961,2h 59m,21,8.3 (86K)
1718454606-137,https://www.imdb.com/chart/top/?ref_=nv_mv_250,137. The Truman Show,1998,1h 43m,Approved,8.2 (1.2M)
1718454606-138,https://www.imdb.com/chart/top/?ref_=nv_mv_250,138. All About Eve,1950,2h 18m,D,8.2 (139K)
1718454606-139,https://www.imdb.com/chart/top/?ref_=nv_mv_250,139. Shutter Island,2010,2h 18m,SU,8.2 (1.5M)
1718454606-140,https://www.imdb.com/chart/top/?ref_=nv_mv_250,140. Top Gun: Maverick,2022,2h 10m,18+,8.2 (709K)
1718454606-141,https://www.imdb.com/chart/top/?ref_=nv_mv_250,141. There Will Be Blood,2007,2h 38m,21+,8.2 (644K)
1718454606-142,https://www.imdb.com/chart/top/?ref_=nv_mv_250,142. Casino,1995,2h 58m,16+,8.2 (567K)
1718454606-143,https://www.imdb.com/chart/top/?ref_=nv_mv_250,143. Jurassic Park,1993,2h 7m,R,8.2 (1.1M)
1718454606-144,https://www.imdb.com/chart/top/?ref_=nv_mv_250,144. Ran,1985,2h 40m,17+,8.2 (137K)
1718454606-145,https://www.imdb.com/chart/top/?ref_=nv_mv_250,145. The Sixth Sense,1999,1h 47m,R,8.2 (1.1M)
1718454606-146,https://www.imdb.com/chart/top/?ref_=nv_mv_250,146. El laberinto del fauno,2006,1h 58m,R,8.2 (705K)
1718454606-147,https://www.imdb.com/chart/top/?ref_=nv_mv_250,147. Unforgiven,1992,2h 10m,21,8.2 (438K)
1718454606-148,https://www.imdb.com/chart/top/?ref_=nv_mv_250,148. No Country for Old Men,2007,2h 2m,17+,8.2 (1.1M)
1718454606-149,https://www.imdb.com/chart/top/?ref_=nv_mv_250,149. A Beautiful Mind,2001,2h 15m,D,8.2 (991K)
1718454606-150,https://www.imdb.com/chart/top/?ref_=nv_mv_250,150. The Thing,1982,1h 49m,21+,8.2 (470K)
1718454606-151,https://www.imdb.com/chart/top/?ref_=nv_mv_250,151. Kill Bill: Vol. 1,2003,1h 51m,Approved,8.2 (1.2M)
1718454606-152,https://www.imdb.com/chart/top/?ref_=nv_mv_250,152. The Treasure of the Sierra Madre,1948,2h 6m,Not Rated,8.2 (133K)
1718454606-153,https://www.imdb.com/chart/top/?ref_=nv_mv_250,153. Yôjinbô,1961,1h 50m,PG,8.2 (132K)
1718454606-154,https://www.imdb.com/chart/top/?ref_=nv_mv_250,154. Monty Python and the Holy Grail,1975,1h 31m,Approved,8.2 (572K)
1718454606-155,https://www.imdb.com/chart/top/?ref_=nv_mv_250,155. The Great Escape,1963,2h 52m,R,8.2 (260K)
1718454606-156,https://www.imdb.com/chart/top/?ref_=nv_mv_250,156. Mencari Nemo,2003,1h 40m,17+,8.2 (1.1M)
1718454606-157,https://www.imdb.com/chart/top/?ref_=nv_mv_250,157. Prisoners,2013,2h 33m,7+,8.2 (816K)
1718454606-158,https://www.imdb.com/chart/top/?ref_=nv_mv_250,158. Hauru no ugoku shiro,2004,1h 59m,Not Rated,8.2 (453K)
1718454606-159,https://www.imdb.com/chart/top/?ref_=nv_mv_250,159. Rashômon,1950,1h 28m,PG,8.2 (181K)
1718454606-160,https://www.imdb.com/chart/top/?ref_=nv_mv_250,160. The Elephant Man,1980,2h 4m,PG,8.2 (259K)
1718454606-161,https://www.imdb.com/chart/top/?ref_=nv_mv_250,161. Dial M for Murder,1954,1h 45m,R,8.2 (190K)
1718454606-162,https://www.imdb.com/chart/top/?ref_=nv_mv_250,162. Chinatown,1974,2h 10m,G,8.1 (351K)
1718454606-163,https://www.imdb.com/chart/top/?ref_=nv_mv_250,163. Gone with the Wind,1939,3h 58m,R,8.2 (336K)
1718454606-164,https://www.imdb.com/chart/top/?ref_=nv_mv_250,"164. Lock, Stock and Two Smoking Barrels",1998,1h 47m,D,8.1 (619K)
1718454606-165,https://www.imdb.com/chart/top/?ref_=nv_mv_250,165. V for Vendetta,2005,2h 12m,R,8.2 (1.2M)
1718454606-166,https://www.imdb.com/chart/top/?ref_=nv_mv_250,166. El secreto de sus ojos,2009,2h 9m,R,8.2 (223K)
1718454606-167,https://www.imdb.com/chart/top/?ref_=nv_mv_250,167. Masuk Keluar,2015,1h 35m,R,8.1 (793K)
1718454606-168,https://www.imdb.com/chart/top/?ref_=nv_mv_250,168. Raging Bull,1980,2h 9m,21,8.1 (382K)
1718454606-169,https://www.imdb.com/chart/top/?ref_=nv_mv_250,"169. Three Billboards Outside Ebbing, Missouri",2017,1h 55m,21,8.1 (558K)
1718454606-170,https://www.imdb.com/chart/top/?ref_=nv_mv_250,170. Trainspotting,1996,1h 33m,PG,8.1 (728K)
1718454606-171,https://www.imdb.com/chart/top/?ref_=nv_mv_250,171. The Bridge on the River Kwai,1957,2h 41m,7+,8.1 (234K)
1718454606-172,https://www.imdb.com/chart/top/?ref_=nv_mv_250,172. Klaus,2019,1h 36m,R,8.2 (191K)
1718454606-173,https://www.imdb.com/chart/top/?ref_=nv_mv_250,173. Fargo,1996,1h 38m,16+,8.1 (730K)
1718454606-174,https://www.imdb.com/chart/top/?ref_=nv_mv_250,174. Catch Me If You Can,2002,2h 21m,SU,8.1 (1.1M)
1718454606-175,https://www.imdb.com/chart/top/?ref_=nv_mv_250,175. Spider-Man: No Way Home,2021,2h 28m,13+,8.2 (888K)
1718454606-176,https://www.imdb.com/chart/top/?ref_=nv_mv_250,176. Warrior,2011,2h 20m,R,8.1 (500K)
1718454606-177,https://www.imdb.com/chart/top/?ref_=nv_mv_250,177. Gran Torino,2008,1h 56m,13+,8.1 (818K)
1718454606-178,https://www.imdb.com/chart/top/?ref_=nv_mv_250,178. Harry Potter dan Relikui Kematian Bagian ke-2,2011,2h 10m,PG-13,8.1 (953K)
1718454606-179,https://www.imdb.com/chart/top/?ref_=nv_mv_250,179. Million Dollar Baby,2004,2h 12m,SU,8.1 (724K)
1718454606-180,https://www.imdb.com/chart/top/?ref_=nv_mv_250,180. Tonari no Totoro,1988,1h 26m,21,8.1 (383K)
1718454606-181,https://www.imdb.com/chart/top/?ref_=nv_mv_250,181. Bacheha-Ye aseman,1997,1h 29m,R,8.2 (81K)
1718454606-182,https://www.imdb.com/chart/top/?ref_=nv_mv_250,182. 12 Years a Slave,2013,2h 14m,G,8.1 (744K)
1718454606-183,https://www.imdb.com/chart/top/?ref_=nv_mv_250,183. Ben-Hur,1959,3h 32m,R,8.1 (255K)
1718454606-184,https://www.imdb.com/chart/top/?ref_=nv_mv_250,184. Blade Runner,1982,1h 57m,R,8.1 (826K)
1718454606-185,https://www.imdb.com/chart/top/?ref_=nv_mv_250,185. Before Sunrise,1995,1h 41m,PG,8.1 (342K)
1718454606-186,https://www.imdb.com/chart/top/?ref_=nv_mv_250,186. Barry Lyndon,1975,3h 5m,17+,8.1 (184K)
1718454606-187,https://www.imdb.com/chart/top/?ref_=nv_mv_250,187. The Grand Budapest Hotel,2014,1h 39m,16+,8.1 (891K)
1718454606-188,https://www.imdb.com/chart/top/?ref_=nv_mv_250,188. Mad Max: Fury Road,2015,2h,R,8.1 (1.1M)
1718454606-189,https://www.imdb.com/chart/top/?ref_=nv_mv_250,189. Gone Girl,2014,2h 29m,18+,8.1 (1.1M)
1718454606-190,https://www.imdb.com/chart/top/?ref_=nv_mv_250,190. Hacksaw Ridge,2016,2h 19m,Approved,8.1 (600K)
1718454606-191,https://www.imdb.com/chart/top/?ref_=nv_mv_250,191. The Gold Rush,1925,1h 35m,13+,8.1 (119K)
1718454606-192,https://www.imdb.com/chart/top/?ref_=nv_mv_250,192. Dead Poets Society,1989,2h 8m,Not Rated,8.1 (551K)
1718454606-193,https://www.imdb.com/chart/top/?ref_=nv_mv_250,193. Salinui chueok,2003,2h 11m,R,8.1 (219K)
1718454606-194,https://www.imdb.com/chart/top/?ref_=nv_mv_250,194. In the Name of the Father,1993,2h 13m,R,8.1 (188K)
1718454606-195,https://www.imdb.com/chart/top/?ref_=nv_mv_250,195. Relatos salvajes,2014,2h 2m,D,8.1 (218K)
1718454606-196,https://www.imdb.com/chart/top/?ref_=nv_mv_250,196. The Deer Hunter,1978,3h 3m,R,8.1 (364K)
1718454606-197,https://www.imdb.com/chart/top/?ref_=nv_mv_250,"197. Monsters, Inc.",2001,1h 32m,Passed,8.1 (984K)
1718454606-198,https://www.imdb.com/chart/top/?ref_=nv_mv_250,198. The General,1926,1h 18m,Approved,8.1 (99K)
1718454606-199,https://www.imdb.com/chart/top/?ref_=nv_mv_250,199. On the Waterfront,1954,1h 48m,Passed,8.1 (166K)
1718454606-200,https://www.imdb.com/chart/top/?ref_=nv_mv_250,200. Sherlock Jr.,1924,45m,R13+,8.2 (58K)
1718454606-201,https://www.imdb.com/chart/top/?ref_=nv_mv_250,201. How to Train Your Dragon,2010,1h 38m,PG,8.1 (805K)
1718454606-202,https://www.imdb.com/chart/top/?ref_=nv_mv_250,202. Jaws,1975,2h 4m,Approved,8.1 (664K)
1718454606-203,https://www.imdb.com/chart/top/?ref_=nv_mv_250,203. The Third Man,1949,1h 44m,Not Rated,8.1 (183K)
1718454606-204,https://www.imdb.com/chart/top/?ref_=nv_mv_250,204. Le salaire de la peur,1953,2h 11m,Not Rated,8.1 (67K)
1718454606-205,https://www.imdb.com/chart/top/?ref_=nv_mv_250,205. Mary and Max.,2009,1h 32m,17+,8.1 (187K)
1718454606-206,https://www.imdb.com/chart/top/?ref_=nv_mv_250,206. Smultronstället,1957,1h 31m,R,8.1 (116K)
1718454606-207,https://www.imdb.com/chart/top/?ref_=nv_mv_250,207. Ratatouille,2007,1h 51m,Approved,8.1 (831K)
1718454606-208,https://www.imdb.com/chart/top/?ref_=nv_mv_250,208. Mr. Smith Goes to Washington,1939,2h 9m,13+,8.1 (122K)
1718454606-209,https://www.imdb.com/chart/top/?ref_=nv_mv_250,209. Ford v Ferrari,2019,2h 32m,Not Rated,8.1 (482K)
1718454606-210,https://www.imdb.com/chart/top/?ref_=nv_mv_250,210. Tôkyô monogatari,1953,2h 16m,R,8.1 (69K)
1718454606-211,https://www.imdb.com/chart/top/?ref_=nv_mv_250,211. The Big Lebowski,1998,1h 57m,17+,8.1 (864K)
1718454606-212,https://www.imdb.com/chart/top/?ref_=nv_mv_250,212. Det sjunde inseglet,1957,1h 36m,13+,8.1 (199K)
1718454606-213,https://www.imdb.com/chart/top/?ref_=nv_mv_250,213. Room,2015,1h 58m,PG,8.1 (453K)
1718454606-214,https://www.imdb.com/chart/top/?ref_=nv_mv_250,214. Rocky,1976,2h,17+,8.1 (632K)
1718454606-215,https://www.imdb.com/chart/top/?ref_=nv_mv_250,215. Logan,2017,2h 17m,13+,8.1 (837K)
1718454606-216,https://www.imdb.com/chart/top/?ref_=nv_mv_250,216. Spotlight,2015,2h 9m,D,8.1 (504K)
1718454606-217,https://www.imdb.com/chart/top/?ref_=nv_mv_250,217. Hotel Rwanda,2004,2h 1m,D,8.1 (373K)
1718454606-218,https://www.imdb.com/chart/top/?ref_=nv_mv_250,218. The Terminator,1984,1h 47m,D,8.1 (929K)
1718454606-219,https://www.imdb.com/chart/top/?ref_=nv_mv_250,219. Platoon,1986,2h,Passed,8.1 (442K)
1718454606-220,https://www.imdb.com/chart/top/?ref_=nv_mv_250,220. La passion de Jeanne d'Arc,1928,1h 50m,Not Rated,8.1 (61K)
1718454606-221,https://www.imdb.com/chart/top/?ref_=nv_mv_250,221. La haine,1995,1h 38m,R,8.1 (198K)
1718454606-222,https://www.imdb.com/chart/top/?ref_=nv_mv_250,222. Before Sunset,2004,1h 20m,Approved,8.1 (290K)
1718454606-223,https://www.imdb.com/chart/top/?ref_=nv_mv_250,223. The Best Years of Our Lives,1946,2h 50m,17+,8.1 (71K)
1718454606-224,https://www.imdb.com/chart/top/?ref_=nv_mv_250,224. Pirates of the Caribbean: The Curse of the Black Pearl,2003,2h 23m,D,8.1 (1.2M)
1718454606-225,https://www.imdb.com/chart/top/?ref_=nv_mv_250,225. The Exorcist,1973,2h 2m,16+,8.1 (457K)
1718454606-226,https://www.imdb.com/chart/top/?ref_=nv_mv_250,226. Jai Bhim,2021,2h 44m,R,8.7 (218K)
1718454606-227,https://www.imdb.com/chart/top/?ref_=nv_mv_250,227. Rush,2013,2h 3m,R,8.1 (516K)
1718454606-228,https://www.imdb.com/chart/top/?ref_=nv_mv_250,228. Network,1976,2h 1m,13+,8.1 (171K)
1718454606-229,https://www.imdb.com/chart/top/?ref_=nv_mv_250,229. The Wizard of Oz,1939,1h 42m,17+,8.1 (430K)
1718454606-230,https://www.imdb.com/chart/top/?ref_=nv_mv_250,230. Stand by Me,1986,1h 29m,R,8.1 (444K)
1718454606-231,https://www.imdb.com/chart/top/?ref_=nv_mv_250,231. The Incredibles,2004,1h 55m,G,8.0 (814K)
1718454606-232,https://www.imdb.com/chart/top/?ref_=nv_mv_250,232. Hachi: A Dog's Tale,2009,1h 33m,Not Rated,8.1 (313K)
1718454606-233,https://www.imdb.com/chart/top/?ref_=nv_mv_250,233. Babam ve Oglum,2005,1h 52m,Not Rated,8.2 (93K)
1718454606-234,https://www.imdb.com/chart/top/?ref_=nv_mv_250,234. Ah-ga-ssi,2016,2h 25m,21,8.1 (175K)
1718454606-235,https://www.imdb.com/chart/top/?ref_=nv_mv_250,235. The Sound of Music,1965,2h 52m,21,8.1 (262K)
1718454606-236,https://www.imdb.com/chart/top/?ref_=nv_mv_250,236. Into the Wild,2007,2h 28m,Approved,8.1 (660K)
1718454606-237,https://www.imdb.com/chart/top/?ref_=nv_mv_250,237. To Be or Not to Be,1942,1h 39m,Not Rated,8.1 (43K)
1718454606-238,https://www.imdb.com/chart/top/?ref_=nv_mv_250,238. La battaglia di Algeri,1966,2h 1m,Approved,8.1 (66K)
1718454606-239,https://www.imdb.com/chart/top/?ref_=nv_mv_250,239. The Grapes of Wrath,1940,2h 9m,17+,8.1 (100K)
1718454606-240,https://www.imdb.com/chart/top/?ref_=nv_mv_250,240. Groundhog Day,1993,1h 41m,R,8.0 (688K)
1718454606-241,https://www.imdb.com/chart/top/?ref_=nv_mv_250,241. Amores perros,2000,2h 34m,PG,8.1 (254K)
1718454606-242,https://www.imdb.com/chart/top/?ref_=nv_mv_250,242. The Iron Giant,1999,1h 26m,Approved,8.1 (229K)
1718454606-243,https://www.imdb.com/chart/top/?ref_=nv_mv_250,243. Rebecca,1940,2h 10m,Approved,8.1 (147K)
1718454606-244,https://www.imdb.com/chart/top/?ref_=nv_mv_250,244. Cool Hand Luke,1967,2h 7m,13+,8.1 (189K)
1718454606-245,https://www.imdb.com/chart/top/?ref_=nv_mv_250,245. The Help,2011,2h 26m,Approved,8.1 (495K)
1718454606-246,https://www.imdb.com/chart/top/?ref_=nv_mv_250,246. It Happened One Night,1934,1h 45m,13+,8.1 (113K)
1718454606-247,https://www.imdb.com/chart/top/?ref_=nv_mv_250,247. Drishyam,2015,2h 43m,PG-13,8.2 (95K)
1718454606-248,https://www.imdb.com/chart/top/?ref_=nv_mv_250,248. Dances with Wolves,1990,3h 1m,G,8.0 (292K)
1718454606-249,https://www.imdb.com/chart/top/?ref_=nv_mv_250,249. Aladdin,1992,1h 30m,17+,8.0 (470K)
1718454606-250,https://www.imdb.com/chart/top/?ref_=nv_mv_250,250. Andhadhun,2018,2h 19m,Not Rated,8.2 (103K)
